activity_id,category_id,cat0,cat1,cat2,cat3,cat4,cat5,cat6,cat7,cat8,cat9,cat10,cat11,cat12,cat13,cat14,cat15,cat16,cat17,cat18,cat19
1,2,0,0,1,0,0,0,0,0,0,0,0,0,0,0,0,0,0,0,0,0
2,7,0,0,0,0,0,0,0,1,0,0,0,0,0,0,0,0,0,0,0,0
503,18,0,0,0,0,0,0,0,0,0,0,0,0,0,0,0,0,0,0,1,0
504,17,0,0,0,0,0,0,0,0,0,0,0,0,0,0,0,0,0,1,0,0
505,12,0,0,0,0,0,0,0,0,0,0,0,0,1,0,0,0,0,0,0,0
506,2,0,0,1,0,0,0,0,0,0,0,0,0,0,0,0,0,0,0,0,0
507,18,0,0,0,0,0,0,0,0,0,0,0,0,0,0,0,0,0,0,1,0
508,12,0,0,0,0,0,0,0,0,0,0,0,0,1,0,0,0,0,0,0,0
509,2,0,0,1,0,0,0,0,0,0,0,0,0,0,0,0,0,0,0,0,0
510,2,0,0,1,0,0,0,0,0,0,0,0,0,0,0,0,0,0,0,0,0
511,19,0,0,0,0,0,0,0,0,0,0,0,0,0,0,0,0,0,0,0,1
512,2,0,0,1,0,0,0,0,0,0,0,0,0,0,0,0,0,0,0,0,0
513,7,0,0,0,0,0,0,0,1,0,0,0,0,0,0,0,0,0,0,0,0
514,19,0,0,0,0,0,0,0,0,0,0,0,0,0,0,0,0,0,0,0,1
515,12,0,0,0,0,0,0,0,0,0,0,0,0,1,0,0,0,0,0,0,0
516,12,0,0,0,0,0,0,0,0,0,0,0,0,1,0,0,0,0,0,0,0
517,2,0,0,1,0,0,0,0,0,0,0,0,0,0,0,0,0,0,0,0,0
518,7,0,0,0,0,0,0,0,1,0,0,0,0,0,0,0,0,0,0,0,0
519,16,0,0,0,0,0,0,0,0,0,0,0,0,0,0,0,0,1,0,0,0
520,7,0,0,0,0,0,0,0,1,0,0,0,0,0,0,0,0,0,0,0,0
521,16,0,0,0,0,0,0,0,0,0,0,0,0,0,0,0,0,1,0,0,0
522,2,0,0,1,0,0,0,0,0,0,0,0,0,0,0,0,0,0,0,0,0
523,7,0,0,0,0,0,0,0,1,0,0,0,0,0,0,0,0,0,0,0,0
524,18,0,0,0,0,0,0,0,0,0,0,0,0,0,0,0,0,0,0,1,0
525,17,0,0,0,0,0,0,0,0,0,0,0,0,0,0,0,0,0,1,0,0
526,2,0,0,1,0,0,0,0,0,0,0,0,0,0,0,0,0,0,0,0,0
527,18,0,0,0,0,0,0,0,0,0,0,0,0,0,0,0,0,0,0,1,0
528,17,0,0,0,0,0,0,0,0,0,0,0,0,0,0,0,0,0,1,0,0
529,16,0,0,0,0,0,0,0,0,0,0,0,0,0,0,0,0,1,0,0,0
530,18,0,0,0,0,0,0,0,0,0,0,0,0,0,0,0,0,0,0,1,0
531,19,0,0,0,0,0,0,0,0,0,0,0,0,0,0,0,0,0,0,0,1
532,16,0,0,0,0,0,0,0,0,0,0,0,0,0,0,0,0,1,0,0,0
533,19,0,0,0,0,0,0,0,0,0,0,0,0,0,0,0,0,0,0,0,1
534,2,0,0,1,0,0,0,0,0,0,0,0,0,0,0,0,0,0,0,0,0
535,19,0,0,0,0,0,0,0,0,0,0,0,0,0,0,0,0,0,0,0,1
536,18,0,0,0,0,0,0,0,0,0,0,0,0,0,0,0,0,0,0,1,0
537,18,0,0,0,0,0,0,0,0,0,0,0,0,0,0,0,0,0,0,1,0
538,12,0,0,0,0,0,0,0,0,0,0,0,0,1,0,0,0,0,0,0,0
539,18,0,0,0,0,0,0,0,0,0,0,0,0,0,0,0,0,0,0,1,0
540,16,0,0,0,0,0,0,0,0,0,0,0,0,0,0,0,0,1,0,0,0
541,17,0,0,0,0,0,0,0,0,0,0,0,0,0,0,0,0,0,1,0,0
542,19,0,0,0,0,0,0,0,0,0,0,0,0,0,0,0,0,0,0,0,1
543,18,0,0,0,0,0,0,0,0,0,0,0,0,0,0,0,0,0,0,1,0
544,12,0,0,0,0,0,0,0,0,0,0,0,0,1,0,0,0,0,0,0,0
545,17,0,0,0,0,0,0,0,0,0,0,0,0,0,0,0,0,0,1,0,0
546,19,0,0,0,0,0,0,0,0,0,0,0,0,0,0,0,0,0,0,0,1
547,19,0,0,0,0,0,0,0,0,0,0,0,0,0,0,0,0,0,0,0,1
548,18,0,0,0,0,0,0,0,0,0,0,0,0,0,0,0,0,0,0,1,0
549,19,0,0,0,0,0,0,0,0,0,0,0,0,0,0,0,0,0,0,0,1
550,12,0,0,0,0,0,0,0,0,0,0,0,0,1,0,0,0,0,0,0,0
551,7,0,0,0,0,0,0,0,1,0,0,0,0,0,0,0,0,0,0,0,0
552,18,0,0,0,0,0,0,0,0,0,0,0,0,0,0,0,0,0,0,1,0
553,2,0,0,1,0,0,0,0,0,0,0,0,0,0,0,0,0,0,0,0,0
554,12,0,0,0,0,0,0,0,0,0,0,0,0,1,0,0,0,0,0,0,0
555,12,0,0,0,0,0,0,0,0,0,0,0,0,1,0,0,0,0,0,0,0
556,18,0,0,0,0,0,0,0,0,0,0,0,0,0,0,0,0,0,0,1,0
557,7,0,0,0,0,0,0,0,1,0,0,0,0,0,0,0,0,0,0,0,0
558,12,0,0,0,0,0,0,0,0,0,0,0,0,1,0,0,0,0,0,0,0
559,16,0,0,0,0,0,0,0,0,0,0,0,0,0,0,0,0,1,0,0,0
560,12,0,0,0,0,0,0,0,0,0,0,0,0,1,0,0,0,0,0,0,0
561,17,0,0,0,0,0,0,0,0,0,0,0,0,0,0,0,0,0,1,0,0
562,7,0,0,0,0,0,0,0,1,0,0,0,0,0,0,0,0,0,0,0,0
563,17,0,0,0,0,0,0,0,0,0,0,0,0,0,0,0,0,0,1,0,0
564,16,0,0,0,0,0,0,0,0,0,0,0,0,0,0,0,0,1,0,0,0
565,7,0,0,0,0,0,0,0,1,0,0,0,0,0,0,0,0,0,0,0,0
566,19,0,0,0,0,0,0,0,0,0,0,0,0,0,0,0,0,0,0,0,1
567,17,0,0,0,0,0,0,0,0,0,0,0,0,0,0,0,0,0,1,0,0
568,12,0,0,0,0,0,0,0,0,0,0,0,0,1,0,0,0,0,0,0,0
569,19,0,0,0,0,0,0,0,0,0,0,0,0,0,0,0,0,0,0,0,1
570,7,0,0,0,0,0,0,0,1,0,0,0,0,0,0,0,0,0,0,0,0
571,18,0,0,0,0,0,0,0,0,0,0,0,0,0,0,0,0,0,0,1,0
572,2,0,0,1,0,0,0,0,0,0,0,0,0,0,0,0,0,0,0,0,0
573,2,0,0,1,0,0,0,0,0,0,0,0,0,0,0,0,0,0,0,0,0
574,17,0,0,0,0,0,0,0,0,0,0,0,0,0,0,0,0,0,1,0,0
575,16,0,0,0,0,0,0,0,0,0,0,0,0,0,0,0,0,1,0,0,0
576,19,0,0,0,0,0,0,0,0,0,0,0,0,0,0,0,0,0,0,0,1
577,7,0,0,0,0,0,0,0,1,0,0,0,0,0,0,0,0,0,0,0,0
578,19,0,0,0,0,0,0,0,0,0,0,0,0,0,0,0,0,0,0,0,1
579,19,0,0,0,0,0,0,0,0,0,0,0,0,0,0,0,0,0,0,0,1
580,7,0,0,0,0,0,0,0,1,0,0,0,0,0,0,0,0,0,0,0,0
581,19,0,0,0,0,0,0,0,0,0,0,0,0,0,0,0,0,0,0,0,1
582,19,0,0,0,0,0,0,0,0,0,0,0,0,0,0,0,0,0,0,0,1
583,12,0,0,0,0,0,0,0,0,0,0,0,0,1,0,0,0,0,0,0,0
584,19,0,0,0,0,0,0,0,0,0,0,0,0,0,0,0,0,0,0,0,1
585,12,0,0,0,0,0,0,0,0,0,0,0,0,1,0,0,0,0,0,0,0
586,7,0,0,0,0,0,0,0,1,0,0,0,0,0,0,0,0,0,0,0,0
587,18,0,0,0,0,0,0,0,0,0,0,0,0,0,0,0,0,0,0,1,0
588,2,0,0,1,0,0,0,0,0,0,0,0,0,0,0,0,0,0,0,0,0
589,12,0,0,0,0,0,0,0,0,0,0,0,0,1,0,0,0,0,0,0,0
590,12,0,0,0,0,0,0,0,0,0,0,0,0,1,0,0,0,0,0,0,0
591,17,0,0,0,0,0,0,0,0,0,0,0,0,0,0,0,0,0,1,0,0
592,12,0,0,0,0,0,0,0,0,0,0,0,0,1,0,0,0,0,0,0,0
593,12,0,0,0,0,0,0,0,0,0,0,0,0,1,0,0,0,0,0,0,0
594,2,0,0,1,0,0,0,0,0,0,0,0,0,0,0,0,0,0,0,0,0
595,16,0,0,0,0,0,0,0,0,0,0,0,0,0,0,0,0,1,0,0,0
596,7,0,0,0,0,0,0,0,1,0,0,0,0,0,0,0,0,0,0,0,0
597,12,0,0,0,0,0,0,0,0,0,0,0,0,1,0,0,0,0,0,0,0
598,19,0,0,0,0,0,0,0,0,0,0,0,0,0,0,0,0,0,0,0,1
599,19,0,0,0,0,0,0,0,0,0,0,0,0,0,0,0,0,0,0,0,1
600,18,0,0,0,0,0,0,0,0,0,0,0,0,0,0,0,0,0,0,1,0
601,17,0,0,0,0,0,0,0,0,0,0,0,0,0,0,0,0,0,1,0,0
602,2,0,0,1,0,0,0,0,0,0,0,0,0,0,0,0,0,0,0,0,0
603,7,0,0,0,0,0,0,0,1,0,0,0,0,0,0,0,0,0,0,0,0
604,17,0,0,0,0,0,0,0,0,0,0,0,0,0,0,0,0,0,1,0,0
605,18,0,0,0,0,0,0,0,0,0,0,0,0,0,0,0,0,0,0,1,0
606,12,0,0,0,0,0,0,0,0,0,0,0,0,1,0,0,0,0,0,0,0
607,7,0,0,0,0,0,0,0,1,0,0,0,0,0,0,0,0,0,0,0,0
608,2,0,0,1,0,0,0,0,0,0,0,0,0,0,0,0,0,0,0,0,0
609,18,0,0,0,0,0,0,0,0,0,0,0,0,0,0,0,0,0,0,1,0
610,7,0,0,0,0,0,0,0,1,0,0,0,0,0,0,0,0,0,0,0,0
611,2,0,0,1,0,0,0,0,0,0,0,0,0,0,0,0,0,0,0,0,0
612,19,0,0,0,0,0,0,0,0,0,0,0,0,0,0,0,0,0,0,0,1
613,19,0,0,0,0,0,0,0,0,0,0,0,0,0,0,0,0,0,0,0,1
614,17,0,0,0,0,0,0,0,0,0,0,0,0,0,0,0,0,0,1,0,0
615,17,0,0,0,0,0,0,0,0,0,0,0,0,0,0,0,0,0,1,0,0
616,18,0,0,0,0,0,0,0,0,0,0,0,0,0,0,0,0,0,0,1,0
617,7,0,0,0,0,0,0,0,1,0,0,0,0,0,0,0,0,0,0,0,0
618,18,0,0,0,0,0,0,0,0,0,0,0,0,0,0,0,0,0,0,1,0
619,18,0,0,0,0,0,0,0,0,0,0,0,0,0,0,0,0,0,0,1,0
620,19,0,0,0,0,0,0,0,0,0,0,0,0,0,0,0,0,0,0,0,1
621,17,0,0,0,0,0,0,0,0,0,0,0,0,0,0,0,0,0,1,0,0
622,16,0,0,0,0,0,0,0,0,0,0,0,0,0,0,0,0,1,0,0,0
623,12,0,0,0,0,0,0,0,0,0,0,0,0,1,0,0,0,0,0,0,0
624,16,0,0,0,0,0,0,0,0,0,0,0,0,0,0,0,0,1,0,0,0
625,17,0,0,0,0,0,0,0,0,0,0,0,0,0,0,0,0,0,1,0,0
626,18,0,0,0,0,0,0,0,0,0,0,0,0,0,0,0,0,0,0,1,0
627,2,0,0,1,0,0,0,0,0,0,0,0,0,0,0,0,0,0,0,0,0
628,12,0,0,0,0,0,0,0,0,0,0,0,0,1,0,0,0,0,0,0,0
629,16,0,0,0,0,0,0,0,0,0,0,0,0,0,0,0,0,1,0,0,0
630,19,0,0,0,0,0,0,0,0,0,0,0,0,0,0,0,0,0,0,0,1
631,19,0,0,0,0,0,0,0,0,0,0,0,0,0,0,0,0,0,0,0,1
632,7,0,0,0,0,0,0,0,1,0,0,0,0,0,0,0,0,0,0,0,0
633,2,0,0,1,0,0,0,0,0,0,0,0,0,0,0,0,0,0,0,0,0
634,7,0,0,0,0,0,0,0,1,0,0,0,0,0,0,0,0,0,0,0,0
635,16,0,0,0,0,0,0,0,0,0,0,0,0,0,0,0,0,1,0,0,0
636,19,0,0,0,0,0,0,0,0,0,0,0,0,0,0,0,0,0,0,0,1
637,18,0,0,0,0,0,0,0,0,0,0,0,0,0,0,0,0,0,0,1,0
638,16,0,0,0,0,0,0,0,0,0,0,0,0,0,0,0,0,1,0,0,0
639,12,0,0,0,0,0,0,0,0,0,0,0,0,1,0,0,0,0,0,0,0
640,12,0,0,0,0,0,0,0,0,0,0,0,0,1,0,0,0,0,0,0,0
641,19,0,0,0,0,0,0,0,0,0,0,0,0,0,0,0,0,0,0,0,1
642,17,0,0,0,0,0,0,0,0,0,0,0,0,0,0,0,0,0,1,0,0
643,19,0,0,0,0,0,0,0,0,0,0,0,0,0,0,0,0,0,0,0,1
644,18,0,0,0,0,0,0,0,0,0,0,0,0,0,0,0,0,0,0,1,0
645,18,0,0,0,0,0,0,0,0,0,0,0,0,0,0,0,0,0,0,1,0
646,18,0,0,0,0,0,0,0,0,0,0,0,0,0,0,0,0,0,0,1,0
647,12,0,0,0,0,0,0,0,0,0,0,0,0,1,0,0,0,0,0,0,0
648,18,0,0,0,0,0,0,0,0,0,0,0,0,0,0,0,0,0,0,1,0
649,18,0,0,0,0,0,0,0,0,0,0,0,0,0,0,0,0,0,0,1,0
650,17,0,0,0,0,0,0,0,0,0,0,0,0,0,0,0,0,0,1,0,0
651,7,0,0,0,0,0,0,0,1,0,0,0,0,0,0,0,0,0,0,0,0
652,19,0,0,0,0,0,0,0,0,0,0,0,0,0,0,0,0,0,0,0,1
653,19,0,0,0,0,0,0,0,0,0,0,0,0,0,0,0,0,0,0,0,1
654,17,0,0,0,0,0,0,0,0,0,0,0,0,0,0,0,0,0,1,0,0
655,7,0,0,0,0,0,0,0,1,0,0,0,0,0,0,0,0,0,0,0,0
656,12,0,0,0,0,0,0,0,0,0,0,0,0,1,0,0,0,0,0,0,0
657,19,0,0,0,0,0,0,0,0,0,0,0,0,0,0,0,0,0,0,0,1
658,7,0,0,0,0,0,0,0,1,0,0,0,0,0,0,0,0,0,0,0,0
659,2,0,0,1,0,0,0,0,0,0,0,0,0,0,0,0,0,0,0,0,0
660,12,0,0,0,0,0,0,0,0,0,0,0,0,1,0,0,0,0,0,0,0
661,7,0,0,0,0,0,0,0,1,0,0,0,0,0,0,0,0,0,0,0,0
662,16,0,0,0,0,0,0,0,0,0,0,0,0,0,0,0,0,1,0,0,0
663,16,0,0,0,0,0,0,0,0,0,0,0,0,0,0,0,0,1,0,0,0
664,16,0,0,0,0,0,0,0,0,0,0,0,0,0,0,0,0,1,0,0,0
665,16,0,0,0,0,0,0,0,0,0,0,0,0,0,0,0,0,1,0,0,0
666,17,0,0,0,0,0,0,0,0,0,0,0,0,0,0,0,0,0,1,0,0
667,12,0,0,0,0,0,0,0,0,0,0,0,0,1,0,0,0,0,0,0,0
668,18,0,0,0,0,0,0,0,0,0,0,0,0,0,0,0,0,0,0,1,0
669,17,0,0,0,0,0,0,0,0,0,0,0,0,0,0,0,0,0,1,0,0
670,18,0,0,0,0,0,0,0,0,0,0,0,0,0,0,0,0,0,0,1,0
671,16,0,0,0,0,0,0,0,0,0,0,0,0,0,0,0,0,1,0,0,0
672,18,0,0,0,0,0,0,0,0,0,0,0,0,0,0,0,0,0,0,1,0
673,2,0,0,1,0,0,0,0,0,0,0,0,0,0,0,0,0,0,0,0,0
674,17,0,0,0,0,0,0,0,0,0,0,0,0,0,0,0,0,0,1,0,0
675,16,0,0,0,0,0,0,0,0,0,0,0,0,0,0,0,0,1,0,0,0
676,19,0,0,0,0,0,0,0,0,0,0,0,0,0,0,0,0,0,0,0,1
677,7,0,0,0,0,0,0,0,1,0,0,0,0,0,0,0,0,0,0,0,0
678,17,0,0,0,0,0,0,0,0,0,0,0,0,0,0,0,0,0,1,0,0
679,2,0,0,1,0,0,0,0,0,0,0,0,0,0,0,0,0,0,0,0,0
680,16,0,0,0,0,0,0,0,0,0,0,0,0,0,0,0,0,1,0,0,0
681,19,0,0,0,0,0,0,0,0,0,0,0,0,0,0,0,0,0,0,0,1
682,17,0,0,0,0,0,0,0,0,0,0,0,0,0,0,0,0,0,1,0,0
683,19,0,0,0,0,0,0,0,0,0,0,0,0,0,0,0,0,0,0,0,1
684,16,0,0,0,0,0,0,0,0,0,0,0,0,0,0,0,0,1,0,0,0
685,2,0,0,1,0,0,0,0,0,0,0,0,0,0,0,0,0,0,0,0,0
686,19,0,0,0,0,0,0,0,0,0,0,0,0,0,0,0,0,0,0,0,1
687,2,0,0,1,0,0,0,0,0,0,0,0,0,0,0,0,0,0,0,0,0
688,12,0,0,0,0,0,0,0,0,0,0,0,0,1,0,0,0,0,0,0,0
689,17,0,0,0,0,0,0,0,0,0,0,0,0,0,0,0,0,0,1,0,0
690,19,0,0,0,0,0,0,0,0,0,0,0,0,0,0,0,0,0,0,0,1
691,2,0,0,1,0,0,0,0,0,0,0,0,0,0,0,0,0,0,0,0,0
692,19,0,0,0,0,0,0,0,0,0,0,0,0,0,0,0,0,0,0,0,1
693,2,0,0,1,0,0,0,0,0,0,0,0,0,0,0,0,0,0,0,0,0
694,7,0,0,0,0,0,0,0,1,0,0,0,0,0,0,0,0,0,0,0,0
695,17,0,0,0,0,0,0,0,0,0,0,0,0,0,0,0,0,0,1,0,0
696,16,0,0,0,0,0,0,0,0,0,0,0,0,0,0,0,0,1,0,0,0
697,19,0,0,0,0,0,0,0,0,0,0,0,0,0,0,0,0,0,0,0,1
698,18,0,0,0,0,0,0,0,0,0,0,0,0,0,0,0,0,0,0,1,0
699,7,0,0,0,0,0,0,0,1,0,0,0,0,0,0,0,0,0,0,0,0
700,18,0,0,0,0,0,0,0,0,0,0,0,0,0,0,0,0,0,0,1,0
701,7,0,0,0,0,0,0,0,1,0,0,0,0,0,0,0,0,0,0,0,0
702,2,0,0,1,0,0,0,0,0,0,0,0,0,0,0,0,0,0,0,0,0
703,7,0,0,0,0,0,0,0,1,0,0,0,0,0,0,0,0,0,0,0,0
704,2,0,0,1,0,0,0,0,0,0,0,0,0,0,0,0,0,0,0,0,0
705,2,0,0,1,0,0,0,0,0,0,0,0,0,0,0,0,0,0,0,0,0
706,16,0,0,0,0,0,0,0,0,0,0,0,0,0,0,0,0,1,0,0,0
707,12,0,0,0,0,0,0,0,0,0,0,0,0,1,0,0,0,0,0,0,0
708,2,0,0,1,0,0,0,0,0,0,0,0,0,0,0,0,0,0,0,0,0
709,7,0,0,0,0,0,0,0,1,0,0,0,0,0,0,0,0,0,0,0,0
710,2,0,0,1,0,0,0,0,0,0,0,0,0,0,0,0,0,0,0,0,0
711,2,0,0,1,0,0,0,0,0,0,0,0,0,0,0,0,0,0,0,0,0
712,7,0,0,0,0,0,0,0,1,0,0,0,0,0,0,0,0,0,0,0,0
713,16,0,0,0,0,0,0,0,0,0,0,0,0,0,0,0,0,1,0,0,0
714,2,0,0,1,0,0,0,0,0,0,0,0,0,0,0,0,0,0,0,0,0
715,7,0,0,0,0,0,0,0,1,0,0,0,0,0,0,0,0,0,0,0,0
716,16,0,0,0,0,0,0,0,0,0,0,0,0,0,0,0,0,1,0,0,0
717,19,0,0,0,0,0,0,0,0,0,0,0,0,0,0,0,0,0,0,0,1
718,7,0,0,0,0,0,0,0,1,0,0,0,0,0,0,0,0,0,0,0,0
719,7,0,0,0,0,0,0,0,1,0,0,0,0,0,0,0,0,0,0,0,0
720,17,0,0,0,0,0,0,0,0,0,0,0,0,0,0,0,0,0,1,0,0
721,19,0,0,0,0,0,0,0,0,0,0,0,0,0,0,0,0,0,0,0,1
722,18,0,0,0,0,0,0,0,0,0,0,0,0,0,0,0,0,0,0,1,0
723,2,0,0,1,0,0,0,0,0,0,0,0,0,0,0,0,0,0,0,0,0
724,19,0,0,0,0,0,0,0,0,0,0,0,0,0,0,0,0,0,0,0,1
725,16,0,0,0,0,0,0,0,0,0,0,0,0,0,0,0,0,1,0,0,0
726,17,0,0,0,0,0,0,0,0,0,0,0,0,0,0,0,0,0,1,0,0
727,2,0,0,1,0,0,0,0,0,0,0,0,0,0,0,0,0,0,0,0,0
728,2,0,0,1,0,0,0,0,0,0,0,0,0,0,0,0,0,0,0,0,0
729,2,0,0,1,0,0,0,0,0,0,0,0,0,0,0,0,0,0,0,0,0
730,2,0,0,1,0,0,0,0,0,0,0,0,0,0,0,0,0,0,0,0,0
731,7,0,0,0,0,0,0,0,1,0,0,0,0,0,0,0,0,0,0,0,0
732,18,0,0,0,0,0,0,0,0,0,0,0,0,0,0,0,0,0,0,1,0
733,7,0,0,0,0,0,0,0,1,0,0,0,0,0,0,0,0,0,0,0,0
734,2,0,0,1,0,0,0,0,0,0,0,0,0,0,0,0,0,0,0,0,0
735,7,0,0,0,0,0,0,0,1,0,0,0,0,0,0,0,0,0,0,0,0
736,2,0,0,1,0,0,0,0,0,0,0,0,0,0,0,0,0,0,0,0,0
737,16,0,0,0,0,0,0,0,0,0,0,0,0,0,0,0,0,1,0,0,0
738,18,0,0,0,0,0,0,0,0,0,0,0,0,0,0,0,0,0,0,1,0
739,7,0,0,0,0,0,0,0,1,0,0,0,0,0,0,0,0,0,0,0,0
740,16,0,0,0,0,0,0,0,0,0,0,0,0,0,0,0,0,1,0,0,0
741,18,0,0,0,0,0,0,0,0,0,0,0,0,0,0,0,0,0,0,1,0
742,16,0,0,0,0,0,0,0,0,0,0,0,0,0,0,0,0,1,0,0,0
743,7,0,0,0,0,0,0,0,1,0,0,0,0,0,0,0,0,0,0,0,0
744,18,0,0,0,0,0,0,0,0,0,0,0,0,0,0,0,0,0,0,1,0
745,17,0,0,0,0,0,0,0,0,0,0,0,0,0,0,0,0,0,1,0,0
746,17,0,0,0,0,0,0,0,0,0,0,0,0,0,0,0,0,0,1,0,0
747,2,0,0,1,0,0,0,0,0,0,0,0,0,0,0,0,0,0,0,0,0
748,17,0,0,0,0,0,0,0,0,0,0,0,0,0,0,0,0,0,1,0,0
749,18,0,0,0,0,0,0,0,0,0,0,0,0,0,0,0,0,0,0,1,0
750,17,0,0,0,0,0,0,0,0,0,0,0,0,0,0,0,0,0,1,0,0
751,7,0,0,0,0,0,0,0,1,0,0,0,0,0,0,0,0,0,0,0,0
752,16,0,0,0,0,0,0,0,0,0,0,0,0,0,0,0,0,1,0,0,0
753,16,0,0,0,0,0,0,0,0,0,0,0,0,0,0,0,0,1,0,0,0
754,16,0,0,0,0,0,0,0,0,0,0,0,0,0,0,0,0,1,0,0,0
755,2,0,0,1,0,0,0,0,0,0,0,0,0,0,0,0,0,0,0,0,0
756,12,0,0,0,0,0,0,0,0,0,0,0,0,1,0,0,0,0,0,0,0
757,19,0,0,0,0,0,0,0,0,0,0,0,0,0,0,0,0,0,0,0,1
758,12,0,0,0,0,0,0,0,0,0,0,0,0,1,0,0,0,0,0,0,0
759,12,0,0,0,0,0,0,0,0,0,0,0,0,1,0,0,0,0,0,0,0
760,17,0,0,0,0,0,0,0,0,0,0,0,0,0,0,0,0,0,1,0,0
761,16,0,0,0,0,0,0,0,0,0,0,0,0,0,0,0,0,1,0,0,0
762,18,0,0,0,0,0,0,0,0,0,0,0,0,0,0,0,0,0,0,1,0
763,7,0,0,0,0,0,0,0,1,0,0,0,0,0,0,0,0,0,0,0,0
764,19,0,0,0,0,0,0,0,0,0,0,0,0,0,0,0,0,0,0,0,1
765,18,0,0,0,0,0,0,0,0,0,0,0,0,0,0,0,0,0,0,1,0
766,18,0,0,0,0,0,0,0,0,0,0,0,0,0,0,0,0,0,0,1,0
767,18,0,0,0,0,0,0,0,0,0,0,0,0,0,0,0,0,0,0,1,0
768,2,0,0,1,0,0,0,0,0,0,0,0,0,0,0,0,0,0,0,0,0
769,12,0,0,0,0,0,0,0,0,0,0,0,0,1,0,0,0,0,0,0,0
770,7,0,0,0,0,0,0,0,1,0,0,0,0,0,0,0,0,0,0,0,0
771,19,0,0,0,0,0,0,0,0,0,0,0,0,0,0,0,0,0,0,0,1
772,19,0,0,0,0,0,0,0,0,0,0,0,0,0,0,0,0,0,0,0,1
773,17,0,0,0,0,0,0,0,0,0,0,0,0,0,0,0,0,0,1,0,0
774,12,0,0,0,0,0,0,0,0,0,0,0,0,1,0,0,0,0,0,0,0
775,16,0,0,0,0,0,0,0,0,0,0,0,0,0,0,0,0,1,0,0,0
776,18,0,0,0,0,0,0,0,0,0,0,0,0,0,0,0,0,0,0,1,0
777,17,0,0,0,0,0,0,0,0,0,0,0,0,0,0,0,0,0,1,0,0
778,17,0,0,0,0,0,0,0,0,0,0,0,0,0,0,0,0,0,1,0,0
779,16,0,0,0,0,0,0,0,0,0,0,0,0,0,0,0,0,1,0,0,0
780,7,0,0,0,0,0,0,0,1,0,0,0,0,0,0,0,0,0,0,0,0
781,19,0,0,0,0,0,0,0,0,0,0,0,0,0,0,0,0,0,0,0,1
782,7,0,0,0,0,0,0,0,1,0,0,0,0,0,0,0,0,0,0,0,0
783,2,0,0,1,0,0,0,0,0,0,0,0,0,0,0,0,0,0,0,0,0
784,17,0,0,0,0,0,0,0,0,0,0,0,0,0,0,0,0,0,1,0,0
785,12,0,0,0,0,0,0,0,0,0,0,0,0,1,0,0,0,0,0,0,0
786,17,0,0,0,0,0,0,0,0,0,0,0,0,0,0,0,0,0,1,0,0
787,16,0,0,0,0,0,0,0,0,0,0,0,0,0,0,0,0,1,0,0,0
788,19,0,0,0,0,0,0,0,0,0,0,0,0,0,0,0,0,0,0,0,1
789,7,0,0,0,0,0,0,0,1,0,0,0,0,0,0,0,0,0,0,0,0
790,2,0,0,1,0,0,0,0,0,0,0,0,0,0,0,0,0,0,0,0,0
791,12,0,0,0,0,0,0,0,0,0,0,0,0,1,0,0,0,0,0,0,0
792,12,0,0,0,0,0,0,0,0,0,0,0,0,1,0,0,0,0,0,0,0
793,7,0,0,0,0,0,0,0,1,0,0,0,0,0,0,0,0,0,0,0,0
794,19,0,0,0,0,0,0,0,0,0,0,0,0,0,0,0,0,0,0,0,1
795,7,0,0,0,0,0,0,0,1,0,0,0,0,0,0,0,0,0,0,0,0
796,18,0,0,0,0,0,0,0,0,0,0,0,0,0,0,0,0,0,0,1,0
797,7,0,0,0,0,0,0,0,1,0,0,0,0,0,0,0,0,0,0,0,0
798,17,0,0,0,0,0,0,0,0,0,0,0,0,0,0,0,0,0,1,0,0
799,19,0,0,0,0,0,0,0,0,0,0,0,0,0,0,0,0,0,0,0,1
800,16,0,0,0,0,0,0,0,0,0,0,0,0,0,0,0,0,1,0,0,0
801,7,0,0,0,0,0,0,0,1,0,0,0,0,0,0,0,0,0,0,0,0
802,7,0,0,0,0,0,0,0,1,0,0,0,0,0,0,0,0,0,0,0,0
803,7,0,0,0,0,0,0,0,1,0,0,0,0,0,0,0,0,0,0,0,0
804,12,0,0,0,0,0,0,0,0,0,0,0,0,1,0,0,0,0,0,0,0
805,19,0,0,0,0,0,0,0,0,0,0,0,0,0,0,0,0,0,0,0,1
806,17,0,0,0,0,0,0,0,0,0,0,0,0,0,0,0,0,0,1,0,0
807,16,0,0,0,0,0,0,0,0,0,0,0,0,0,0,0,0,1,0,0,0
808,17,0,0,0,0,0,0,0,0,0,0,0,0,0,0,0,0,0,1,0,0
809,2,0,0,1,0,0,0,0,0,0,0,0,0,0,0,0,0,0,0,0,0
810,16,0,0,0,0,0,0,0,0,0,0,0,0,0,0,0,0,1,0,0,0
811,17,0,0,0,0,0,0,0,0,0,0,0,0,0,0,0,0,0,1,0,0
812,2,0,0,1,0,0,0,0,0,0,0,0,0,0,0,0,0,0,0,0,0
813,16,0,0,0,0,0,0,0,0,0,0,0,0,0,0,0,0,1,0,0,0
814,2,0,0,1,0,0,0,0,0,0,0,0,0,0,0,0,0,0,0,0,0
815,19,0,0,0,0,0,0,0,0,0,0,0,0,0,0,0,0,0,0,0,1
816,2,0,0,1,0,0,0,0,0,0,0,0,0,0,0,0,0,0,0,0,0
817,2,0,0,1,0,0,0,0,0,0,0,0,0,0,0,0,0,0,0,0,0
818,18,0,0,0,0,0,0,0,0,0,0,0,0,0,0,0,0,0,0,1,0
819,16,0,0,0,0,0,0,0,0,0,0,0,0,0,0,0,0,1,0,0,0
820,17,0,0,0,0,0,0,0,0,0,0,0,0,0,0,0,0,0,1,0,0
821,16,0,0,0,0,0,0,0,0,0,0,0,0,0,0,0,0,1,0,0,0
822,17,0,0,0,0,0,0,0,0,0,0,0,0,0,0,0,0,0,1,0,0
823,19,0,0,0,0,0,0,0,0,0,0,0,0,0,0,0,0,0,0,0,1
824,16,0,0,0,0,0,0,0,0,0,0,0,0,0,0,0,0,1,0,0,0
825,16,0,0,0,0,0,0,0,0,0,0,0,0,0,0,0,0,1,0,0,0
826,19,0,0,0,0,0,0,0,0,0,0,0,0,0,0,0,0,0,0,0,1
827,18,0,0,0,0,0,0,0,0,0,0,0,0,0,0,0,0,0,0,1,0
828,2,0,0,1,0,0,0,0,0,0,0,0,0,0,0,0,0,0,0,0,0
829,19,0,0,0,0,0,0,0,0,0,0,0,0,0,0,0,0,0,0,0,1
830,19,0,0,0,0,0,0,0,0,0,0,0,0,0,0,0,0,0,0,0,1
831,12,0,0,0,0,0,0,0,0,0,0,0,0,1,0,0,0,0,0,0,0
832,7,0,0,0,0,0,0,0,1,0,0,0,0,0,0,0,0,0,0,0,0
833,12,0,0,0,0,0,0,0,0,0,0,0,0,1,0,0,0,0,0,0,0
834,7,0,0,0,0,0,0,0,1,0,0,0,0,0,0,0,0,0,0,0,0
835,12,0,0,0,0,0,0,0,0,0,0,0,0,1,0,0,0,0,0,0,0
836,16,0,0,0,0,0,0,0,0,0,0,0,0,0,0,0,0,1,0,0,0
837,12,0,0,0,0,0,0,0,0,0,0,0,0,1,0,0,0,0,0,0,0
838,2,0,0,1,0,0,0,0,0,0,0,0,0,0,0,0,0,0,0,0,0
839,7,0,0,0,0,0,0,0,1,0,0,0,0,0,0,0,0,0,0,0,0
840,2,0,0,1,0,0,0,0,0,0,0,0,0,0,0,0,0,0,0,0,0
841,16,0,0,0,0,0,0,0,0,0,0,0,0,0,0,0,0,1,0,0,0
842,2,0,0,1,0,0,0,0,0,0,0,0,0,0,0,0,0,0,0,0,0
843,12,0,0,0,0,0,0,0,0,0,0,0,0,1,0,0,0,0,0,0,0
844,19,0,0,0,0,0,0,0,0,0,0,0,0,0,0,0,0,0,0,0,1
845,2,0,0,1,0,0,0,0,0,0,0,0,0,0,0,0,0,0,0,0,0
846,12,0,0,0,0,0,0,0,0,0,0,0,0,1,0,0,0,0,0,0,0
847,7,0,0,0,0,0,0,0,1,0,0,0,0,0,0,0,0,0,0,0,0
848,16,0,0,0,0,0,0,0,0,0,0,0,0,0,0,0,0,1,0,0,0
849,19,0,0,0,0,0,0,0,0,0,0,0,0,0,0,0,0,0,0,0,1
850,12,0,0,0,0,0,0,0,0,0,0,0,0,1,0,0,0,0,0,0,0
851,16,0,0,0,0,0,0,0,0,0,0,0,0,0,0,0,0,1,0,0,0
852,2,0,0,1,0,0,0,0,0,0,0,0,0,0,0,0,0,0,0,0,0
853,2,0,0,1,0,0,0,0,0,0,0,0,0,0,0,0,0,0,0,0,0
854,16,0,0,0,0,0,0,0,0,0,0,0,0,0,0,0,0,1,0,0,0
855,2,0,0,1,0,0,0,0,0,0,0,0,0,0,0,0,0,0,0,0,0
856,19,0,0,0,0,0,0,0,0,0,0,0,0,0,0,0,0,0,0,0,1
857,18,0,0,0,0,0,0,0,0,0,0,0,0,0,0,0,0,0,0,1,0
858,16,0,0,0,0,0,0,0,0,0,0,0,0,0,0,0,0,1,0,0,0
859,7,0,0,0,0,0,0,0,1,0,0,0,0,0,0,0,0,0,0,0,0
860,16,0,0,0,0,0,0,0,0,0,0,0,0,0,0,0,0,1,0,0,0
861,17,0,0,0,0,0,0,0,0,0,0,0,0,0,0,0,0,0,1,0,0
862,17,0,0,0,0,0,0,0,0,0,0,0,0,0,0,0,0,0,1,0,0
863,7,0,0,0,0,0,0,0,1,0,0,0,0,0,0,0,0,0,0,0,0
864,16,0,0,0,0,0,0,0,0,0,0,0,0,0,0,0,0,1,0,0,0
865,7,0,0,0,0,0,0,0,1,0,0,0,0,0,0,0,0,0,0,0,0
866,7,0,0,0,0,0,0,0,1,0,0,0,0,0,0,0,0,0,0,0,0
867,7,0,0,0,0,0,0,0,1,0,0,0,0,0,0,0,0,0,0,0,0
868,19,0,0,0,0,0,0,0,0,0,0,0,0,0,0,0,0,0,0,0,1
869,2,0,0,1,0,0,0,0,0,0,0,0,0,0,0,0,0,0,0,0,0
870,7,0,0,0,0,0,0,0,1,0,0,0,0,0,0,0,0,0,0,0,0
871,17,0,0,0,0,0,0,0,0,0,0,0,0,0,0,0,0,0,1,0,0
872,18,0,0,0,0,0,0,0,0,0,0,0,0,0,0,0,0,0,0,1,0
873,12,0,0,0,0,0,0,0,0,0,0,0,0,1,0,0,0,0,0,0,0
874,18,0,0,0,0,0,0,0,0,0,0,0,0,0,0,0,0,0,0,1,0
875,19,0,0,0,0,0,0,0,0,0,0,0,0,0,0,0,0,0,0,0,1
876,7,0,0,0,0,0,0,0,1,0,0,0,0,0,0,0,0,0,0,0,0
877,12,0,0,0,0,0,0,0,0,0,0,0,0,1,0,0,0,0,0,0,0
878,7,0,0,0,0,0,0,0,1,0,0,0,0,0,0,0,0,0,0,0,0
879,19,0,0,0,0,0,0,0,0,0,0,0,0,0,0,0,0,0,0,0,1
880,2,0,0,1,0,0,0,0,0,0,0,0,0,0,0,0,0,0,0,0,0
881,18,0,0,0,0,0,0,0,0,0,0,0,0,0,0,0,0,0,0,1,0
882,7,0,0,0,0,0,0,0,1,0,0,0,0,0,0,0,0,0,0,0,0
883,19,0,0,0,0,0,0,0,0,0,0,0,0,0,0,0,0,0,0,0,1
884,7,0,0,0,0,0,0,0,1,0,0,0,0,0,0,0,0,0,0,0,0
885,16,0,0,0,0,0,0,0,0,0,0,0,0,0,0,0,0,1,0,0,0
886,19,0,0,0,0,0,0,0,0,0,0,0,0,0,0,0,0,0,0,0,1
887,18,0,0,0,0,0,0,0,0,0,0,0,0,0,0,0,0,0,0,1,0
888,2,0,0,1,0,0,0,0,0,0,0,0,0,0,0,0,0,0,0,0,0
889,18,0,0,0,0,0,0,0,0,0,0,0,0,0,0,0,0,0,0,1,0
890,7,0,0,0,0,0,0,0,1,0,0,0,0,0,0,0,0,0,0,0,0
891,16,0,0,0,0,0,0,0,0,0,0,0,0,0,0,0,0,1,0,0,0
892,2,0,0,1,0,0,0,0,0,0,0,0,0,0,0,0,0,0,0,0,0
893,2,0,0,1,0,0,0,0,0,0,0,0,0,0,0,0,0,0,0,0,0
894,18,0,0,0,0,0,0,0,0,0,0,0,0,0,0,0,0,0,0,1,0
895,19,0,0,0,0,0,0,0,0,0,0,0,0,0,0,0,0,0,0,0,1
896,12,0,0,0,0,0,0,0,0,0,0,0,0,1,0,0,0,0,0,0,0
897,19,0,0,0,0,0,0,0,0,0,0,0,0,0,0,0,0,0,0,0,1
898,19,0,0,0,0,0,0,0,0,0,0,0,0,0,0,0,0,0,0,0,1
899,16,0,0,0,0,0,0,0,0,0,0,0,0,0,0,0,0,1,0,0,0
900,2,0,0,1,0,0,0,0,0,0,0,0,0,0,0,0,0,0,0,0,0
901,16,0,0,0,0,0,0,0,0,0,0,0,0,0,0,0,0,1,0,0,0
902,12,0,0,0,0,0,0,0,0,0,0,0,0,1,0,0,0,0,0,0,0
903,7,0,0,0,0,0,0,0,1,0,0,0,0,0,0,0,0,0,0,0,0
904,16,0,0,0,0,0,0,0,0,0,0,0,0,0,0,0,0,1,0,0,0
905,2,0,0,1,0,0,0,0,0,0,0,0,0,0,0,0,0,0,0,0,0
906,18,0,0,0,0,0,0,0,0,0,0,0,0,0,0,0,0,0,0,1,0
907,18,0,0,0,0,0,0,0,0,0,0,0,0,0,0,0,0,0,0,1,0
908,7,0,0,0,0,0,0,0,1,0,0,0,0,0,0,0,0,0,0,0,0
909,2,0,0,1,0,0,0,0,0,0,0,0,0,0,0,0,0,0,0,0,0
910,18,0,0,0,0,0,0,0,0,0,0,0,0,0,0,0,0,0,0,1,0
911,12,0,0,0,0,0,0,0,0,0,0,0,0,1,0,0,0,0,0,0,0
912,16,0,0,0,0,0,0,0,0,0,0,0,0,0,0,0,0,1,0,0,0
913,16,0,0,0,0,0,0,0,0,0,0,0,0,0,0,0,0,1,0,0,0
914,16,0,0,0,0,0,0,0,0,0,0,0,0,0,0,0,0,1,0,0,0
915,17,0,0,0,0,0,0,0,0,0,0,0,0,0,0,0,0,0,1,0,0
916,16,0,0,0,0,0,0,0,0,0,0,0,0,0,0,0,0,1,0,0,0
917,2,0,0,1,0,0,0,0,0,0,0,0,0,0,0,0,0,0,0,0,0
918,18,0,0,0,0,0,0,0,0,0,0,0,0,0,0,0,0,0,0,1,0
919,17,0,0,0,0,0,0,0,0,0,0,0,0,0,0,0,0,0,1,0,0
920,18,0,0,0,0,0,0,0,0,0,0,0,0,0,0,0,0,0,0,1,0
921,19,0,0,0,0,0,0,0,0,0,0,0,0,0,0,0,0,0,0,0,1
922,18,0,0,0,0,0,0,0,0,0,0,0,0,0,0,0,0,0,0,1,0
923,12,0,0,0,0,0,0,0,0,0,0,0,0,1,0,0,0,0,0,0,0
924,19,0,0,0,0,0,0,0,0,0,0,0,0,0,0,0,0,0,0,0,1
925,18,0,0,0,0,0,0,0,0,0,0,0,0,0,0,0,0,0,0,1,0
926,2,0,0,1,0,0,0,0,0,0,0,0,0,0,0,0,0,0,0,0,0
927,18,0,0,0,0,0,0,0,0,0,0,0,0,0,0,0,0,0,0,1,0
928,2,0,0,1,0,0,0,0,0,0,0,0,0,0,0,0,0,0,0,0,0
929,16,0,0,0,0,0,0,0,0,0,0,0,0,0,0,0,0,1,0,0,0
930,2,0,0,1,0,0,0,0,0,0,0,0,0,0,0,0,0,0,0,0,0
931,19,0,0,0,0,0,0,0,0,0,0,0,0,0,0,0,0,0,0,0,1
932,17,0,0,0,0,0,0,0,0,0,0,0,0,0,0,0,0,0,1,0,0
933,16,0,0,0,0,0,0,0,0,0,0,0,0,0,0,0,0,1,0,0,0
934,16,0,0,0,0,0,0,0,0,0,0,0,0,0,0,0,0,1,0,0,0
935,2,0,0,1,0,0,0,0,0,0,0,0,0,0,0,0,0,0,0,0,0
936,17,0,0,0,0,0,0,0,0,0,0,0,0,0,0,0,0,0,1,0,0
937,12,0,0,0,0,0,0,0,0,0,0,0,0,1,0,0,0,0,0,0,0
938,2,0,0,1,0,0,0,0,0,0,0,0,0,0,0,0,0,0,0,0,0
939,12,0,0,0,0,0,0,0,0,0,0,0,0,1,0,0,0,0,0,0,0
940,2,0,0,1,0,0,0,0,0,0,0,0,0,0,0,0,0,0,0,0,0
941,2,0,0,1,0,0,0,0,0,0,0,0,0,0,0,0,0,0,0,0,0
942,19,0,0,0,0,0,0,0,0,0,0,0,0,0,0,0,0,0,0,0,1
943,19,0,0,0,0,0,0,0,0,0,0,0,0,0,0,0,0,0,0,0,1
944,17,0,0,0,0,0,0,0,0,0,0,0,0,0,0,0,0,0,1,0,0
945,17,0,0,0,0,0,0,0,0,0,0,0,0,0,0,0,0,0,1,0,0
946,7,0,0,0,0,0,0,0,1,0,0,0,0,0,0,0,0,0,0,0,0
947,19,0,0,0,0,0,0,0,0,0,0,0,0,0,0,0,0,0,0,0,1
948,19,0,0,0,0,0,0,0,0,0,0,0,0,0,0,0,0,0,0,0,1
949,19,0,0,0,0,0,0,0,0,0,0,0,0,0,0,0,0,0,0,0,1
950,19,0,0,0,0,0,0,0,0,0,0,0,0,0,0,0,0,0,0,0,1
951,16,0,0,0,0,0,0,0,0,0,0,0,0,0,0,0,0,1,0,0,0
952,18,0,0,0,0,0,0,0,0,0,0,0,0,0,0,0,0,0,0,1,0
953,12,0,0,0,0,0,0,0,0,0,0,0,0,1,0,0,0,0,0,0,0
954,2,0,0,1,0,0,0,0,0,0,0,0,0,0,0,0,0,0,0,0,0
955,18,0,0,0,0,0,0,0,0,0,0,0,0,0,0,0,0,0,0,1,0
956,7,0,0,0,0,0,0,0,1,0,0,0,0,0,0,0,0,0,0,0,0
957,17,0,0,0,0,0,0,0,0,0,0,0,0,0,0,0,0,0,1,0,0
958,12,0,0,0,0,0,0,0,0,0,0,0,0,1,0,0,0,0,0,0,0
959,12,0,0,0,0,0,0,0,0,0,0,0,0,1,0,0,0,0,0,0,0
960,18,0,0,0,0,0,0,0,0,0,0,0,0,0,0,0,0,0,0,1,0
961,2,0,0,1,0,0,0,0,0,0,0,0,0,0,0,0,0,0,0,0,0
962,17,0,0,0,0,0,0,0,0,0,0,0,0,0,0,0,0,0,1,0,0
963,17,0,0,0,0,0,0,0,0,0,0,0,0,0,0,0,0,0,1,0,0
964,12,0,0,0,0,0,0,0,0,0,0,0,0,1,0,0,0,0,0,0,0
965,19,0,0,0,0,0,0,0,0,0,0,0,0,0,0,0,0,0,0,0,1
966,17,0,0,0,0,0,0,0,0,0,0,0,0,0,0,0,0,0,1,0,0
967,16,0,0,0,0,0,0,0,0,0,0,0,0,0,0,0,0,1,0,0,0
968,19,0,0,0,0,0,0,0,0,0,0,0,0,0,0,0,0,0,0,0,1
969,16,0,0,0,0,0,0,0,0,0,0,0,0,0,0,0,0,1,0,0,0
970,17,0,0,0,0,0,0,0,0,0,0,0,0,0,0,0,0,0,1,0,0
971,7,0,0,0,0,0,0,0,1,0,0,0,0,0,0,0,0,0,0,0,0
972,16,0,0,0,0,0,0,0,0,0,0,0,0,0,0,0,0,1,0,0,0
973,7,0,0,0,0,0,0,0,1,0,0,0,0,0,0,0,0,0,0,0,0
974,16,0,0,0,0,0,0,0,0,0,0,0,0,0,0,0,0,1,0,0,0
975,17,0,0,0,0,0,0,0,0,0,0,0,0,0,0,0,0,0,1,0,0
976,7,0,0,0,0,0,0,0,1,0,0,0,0,0,0,0,0,0,0,0,0
977,17,0,0,0,0,0,0,0,0,0,0,0,0,0,0,0,0,0,1,0,0
978,7,0,0,0,0,0,0,0,1,0,0,0,0,0,0,0,0,0,0,0,0
979,19,0,0,0,0,0,0,0,0,0,0,0,0,0,0,0,0,0,0,0,1
980,16,0,0,0,0,0,0,0,0,0,0,0,0,0,0,0,0,1,0,0,0
981,12,0,0,0,0,0,0,0,0,0,0,0,0,1,0,0,0,0,0,0,0
982,7,0,0,0,0,0,0,0,1,0,0,0,0,0,0,0,0,0,0,0,0
983,16,0,0,0,0,0,0,0,0,0,0,0,0,0,0,0,0,1,0,0,0
984,2,0,0,1,0,0,0,0,0,0,0,0,0,0,0,0,0,0,0,0,0
985,18,0,0,0,0,0,0,0,0,0,0,0,0,0,0,0,0,0,0,1,0
986,7,0,0,0,0,0,0,0,1,0,0,0,0,0,0,0,0,0,0,0,0
987,12,0,0,0,0,0,0,0,0,0,0,0,0,1,0,0,0,0,0,0,0
988,16,0,0,0,0,0,0,0,0,0,0,0,0,0,0,0,0,1,0,0,0
989,19,0,0,0,0,0,0,0,0,0,0,0,0,0,0,0,0,0,0,0,1
990,18,0,0,0,0,0,0,0,0,0,0,0,0,0,0,0,0,0,0,1,0
991,2,0,0,1,0,0,0,0,0,0,0,0,0,0,0,0,0,0,0,0,0
992,2,0,0,1,0,0,0,0,0,0,0,0,0,0,0,0,0,0,0,0,0
993,7,0,0,0,0,0,0,0,1,0,0,0,0,0,0,0,0,0,0,0,0
994,7,0,0,0,0,0,0,0,1,0,0,0,0,0,0,0,0,0,0,0,0
995,17,0,0,0,0,0,0,0,0,0,0,0,0,0,0,0,0,0,1,0,0
996,12,0,0,0,0,0,0,0,0,0,0,0,0,1,0,0,0,0,0,0,0
997,16,0,0,0,0,0,0,0,0,0,0,0,0,0,0,0,0,1,0,0,0
998,12,0,0,0,0,0,0,0,0,0,0,0,0,1,0,0,0,0,0,0,0
999,17,0,0,0,0,0,0,0,0,0,0,0,0,0,0,0,0,0,1,0,0
1000,16,0,0,0,0,0,0,0,0,0,0,0,0,0,0,0,0,1,0,0,0
1001,19,0,0,0,0,0,0,0,0,0,0,0,0,0,0,0,0,0,0,0,1
1002,16,0,0,0,0,0,0,0,0,0,0,0,0,0,0,0,0,1,0,0,0
